{
  "project_info": {
    "project_number": "869293482353",
    "project_id": "chat-e1ba7",
    "storage_bucket": "chat-e1ba7.appspot.com"
  },
  "client": [
    {
      "client_info": {
        "mobilesdk_app_id": "1:869293482353:android:8ce2c001729faddce6d6d0",
        "android_client_info": {
          "package_name": "com.example.tyutyukov"
        }
      },
      "oauth_client": [
        {
          "client_id": "869293482353-vsfqectaur52ba4janqtfnq3nelj1ic0.apps.googleusercontent.com",
          "client_type": 1,
          "android_info": {
            "package_name": "com.example.tyutyukov",
            "certificate_hash": "e83e7cae229edb0a9742cdc1f91cd58bc7e4e981"
          }
        },
        {
          "client_id": "869293482353-akdg5df97tu74k0pbs42t5nbt5ck6nla.apps.googleusercontent.com",
          "client_type": 3
        }
      ],
      "api_key": [
        {
          "current_key": "AIzaSyB5wpIGLfiARs0P15gsz2NO9LLdW-J57Oo"
        }
      ],
      "services": {
        "appinvite_service": {
          "other_platform_oauth_client": [
            {
              "client_id": "869293482353-akdg5df97tu74k0pbs42t5nbt5ck6nla.apps.googleusercontent.com",
              "client_type": 3
            }
          ]
        }
      }
    }
  ],
  "configuration_version": "1"
}