{
  "project_info": {
    "project_number": "1067416253929",
    "project_id": "realchat-2de32",
    "storage_bucket": "realchat-2de32.appspot.com"
  },
  "client": [
    {
      "client_info": {
        "mobilesdk_app_id": "1:1067416253929:android:73df6559a7419313e3c778",
        "android_client_info": {
          "package_name": "com.example.fbchat"
        }
      },
      "oauth_client": [
        {
          "client_id": "1067416253929-km3kspsu8q9rij9tpf9lpeaegv72cbpr.apps.googleusercontent.com",
          "client_type": 1,
          "android_info": {
            "package_name": "com.example.fbchat",
            "certificate_hash": "e83e7cae229edb0a9742cdc1f91cd58bc7e4e981"
          }
        },
        {
          "client_id": "1067416253929-55aeseg68bq771a5ai5fb9oe0jlpdgvf.apps.googleusercontent.com",
          "client_type": 3
        }
      ],
      "api_key": [
        {
          "current_key": "AIzaSyAkSgAD_Sb-DymM_jwlSjVN_ms6nAjwg7A"
        }
      ],
      "services": {
        "appinvite_service": {
          "other_platform_oauth_client": [
            {
              "client_id": "1067416253929-55aeseg68bq771a5ai5fb9oe0jlpdgvf.apps.googleusercontent.com",
              "client_type": 3
            }
          ]
        }
      }
    }
  ],
  "configuration_version": "1"
}